{
  "X_mean": [
    11.466988563537598,
    76.26158905029297,
    0.5248690843582153,
    7.7451324462890625,
    15.436470031738281,
    -0.08185647428035736
  ],
  "X_std": [
    0.3923298120498657,
    9.056023597717285,
    0.4993811249732971,
    0.3241077661514282,
    0.7380938529968262,
    1.8606327772140503
  ],
  "y_mean": [
    23.18160057067871,
    4.606020927429199,
    0.5428821444511414,
    7.594388961791992,
    3.1391096115112305
  ],
  "y_std": [
    0.7660889625549316,
    0.39732301235198975,
    0.032566189765930176,
    0.23851440846920013,
    0.37305304408073425
  ]
}